source,pc_elapsed_s,ax,ay,az,gx,gy,gz,mx,my,mz,roll,pitch,yaw,qw,qx,qy,qz,seq,t_us,t_ms,mx_raw,my_raw,mz_raw,mag_new,mag_valid,mag_age_us
SERIAL,17.074042,0.144,1.776,7.334,-3.73,4.08,4.12,14.84,-21.7,-22.35,10.33,4.59,59.63,0.8328,0.0105,0.0997,0.5444,,,,,,,,,
SERIAL,17.096046,0.06,1.796,7.308,-2.4,4.29,4.19,14.43,-22.01,-23.16,10.35,4.58,59.61,0.833,0.0108,0.0997,0.5441,,,,,,,,,
SERIAL,17.117107,-0.017,1.891,7.231,-1.56,3.8,3.84,14.84,-22.32,-23.16,10.4,4.57,59.57,0.8332,0.0112,0.0998,0.5437,,,,,,,,,
SERIAL,17.139334,0.056,1.893,7.592,-1.7,3.45,2.93,14.3,-21.4,-21.86,10.44,4.55,59.51,0.8336,0.0116,0.0997,0.5432,,,,,,,,,
SERIAL,17.163033,0.093,1.843,7.433,-4.22,5.2,3.42,14.3,-22.01,-22.67,10.42,4.55,59.48,0.8338,0.0114,0.0997,0.5428,,,,,,,,,
SERIAL,17.183054,0.082,1.769,7.354,-4.29,5.62,3.56,14.98,-21.4,-22.02,10.39,4.57,59.41,0.8341,0.0111,0.0997,0.5425,,,,,,,,,
SERIAL,17.204121,0.021,1.789,7.347,-3.17,6.04,3.14,14.3,-22.16,-22.83,10.38,4.61,59.38,0.8343,0.011,0.1,0.542,,,,,,,,,
SERIAL,17.226135,0.039,1.8,7.343,-3.31,5.41,3.14,14.98,-21.7,-22.83,10.38,4.63,59.31,0.8346,0.011,0.1001,0.5415,,,,,,,,,
SERIAL,17.247952,0.068,1.812,7.325,-4.5,4.29,3.7,13.61,-22.16,-22.67,10.35,4.62,59.33,0.8349,0.0109,0.0999,0.5412,,,,,,,,,
SERIAL,17.269888,0.045,1.81,7.347,-3.59,4.71,3.42,14.16,-21.86,-22.83,10.35,4.62,59.31,0.8351,0.0108,0.0998,0.5408,,,,,,,,,
SERIAL,17.291117,0.113,1.794,7.34,-3.59,4.22,3.56,14.43,-21.7,-22.67,10.34,4.6,59.27,0.8354,0.0109,0.0997,0.5404,,,,,,,,,
SERIAL,17.313018,0.056,1.812,7.416,-3.03,4.92,4.12,13.89,-22.16,-22.18,10.34,4.61,59.29,0.8355,0.0109,0.0998,0.5402,,,,,,,,,
SERIAL,17.334904,-0.021,1.819,7.504,-3.66,6.11,3.49,14.3,-21.86,-22.67,10.33,4.65,59.26,0.8358,0.0107,0.1,0.5398,,,,,,,,,
SERIAL,17.356131,0.041,1.785,7.268,-5.69,6.18,3.35,14.16,-21.7,-22.83,10.27,4.68,59.24,0.836,0.0102,0.0999,0.5395,,,,,,,,,
SERIAL,17.378150,0.056,1.753,7.235,-3.52,5.06,3.49,13.61,-21.7,-23.0,10.26,4.69,59.24,0.8362,0.0102,0.1,0.5391,,,,,,,,,
SERIAL,17.400097,0.043,1.789,7.375,-1.98,4.85,3.91,13.89,-21.7,-22.35,10.29,4.69,59.24,0.8364,0.0104,0.1001,0.5388,,,,,,,,,
SERIAL,17.421900,0.082,1.744,7.398,-4.36,4.99,4.4,13.61,-22.01,-22.67,10.25,4.69,59.27,0.8365,0.0102,0.1001,0.5386,,,,,,,,,
SERIAL,17.444156,-0.056,1.789,7.291,-2.96,4.92,4.26,14.98,-20.79,-22.67,10.26,4.72,59.2,0.8367,0.0103,0.1001,0.5384,,,,,,,,,
SERIAL,17.465091,0.045,1.753,7.384,-2.19,5.34,3.63,13.89,-22.16,-22.67,10.28,4.73,59.21,0.8369,0.0104,0.1003,0.538,,,,,,,,,
SERIAL,17.486992,0.023,1.785,7.293,-3.66,3.31,4.19,14.02,-21.86,-22.18,10.27,4.7,59.22,0.837,0.0105,0.1001,0.5378,,,,,,,,,
SERIAL,17.508921,-0.023,1.821,7.392,-2.47,4.43,3.56,14.43,-21.25,-23.32,10.28,4.71,59.17,0.8373,0.0107,0.1001,0.5375,,,,,,,,,
SERIAL,17.532260,0.06,1.771,7.343,-2.26,4.5,3.56,13.89,-22.16,-22.35,10.3,4.7,59.18,0.8375,0.0109,0.1002,0.5371,,,,,,,,,
SERIAL,17.552729,-0.01,1.755,7.345,-3.59,4.15,3.98,14.3,-21.55,-23.48,10.29,4.7,59.15,0.8376,0.0109,0.1001,0.5369,,,,,,,,,
SERIAL,17.574720,0.023,1.755,7.229,-1.49,3.59,3.35,14.16,-21.86,-22.67,10.32,4.68,59.13,0.8379,0.0113,0.1001,0.5365,,,,,,,,,
SERIAL,17.597003,0.082,1.814,7.493,-1.21,3.8,3.63,14.3,-21.86,-22.02,10.36,4.65,59.12,0.8381,0.0118,0.1001,0.5361,,,,,,,,,
SERIAL,17.617455,0.043,1.821,7.456,-3.31,4.78,3.77,14.16,-22.62,-23.32,10.36,4.66,59.13,0.8383,0.0118,0.1002,0.5359,,,,,,,,,
SERIAL,17.639257,0.076,1.762,7.31,-4.08,5.06,3.98,14.3,-21.25,-23.16,10.33,4.66,59.1,0.8384,0.0116,0.1001,0.5357,,,,,,,,,
SERIAL,17.663190,0.016,1.821,7.263,-2.75,3.87,4.26,14.16,-21.86,-21.86,10.35,4.65,59.1,0.8385,0.0118,0.1,0.5355,,,,,,,,,
SERIAL,17.683430,-0.031,1.823,7.426,-2.47,4.71,3.7,14.02,-21.7,-22.67,10.36,4.66,59.09,0.8387,0.0119,0.1001,0.5352,,,,,,,,,
SERIAL,17.704019,0.064,1.78,7.405,-1.98,5.2,3.42,14.02,-22.47,-23.16,10.38,4.67,59.09,0.8389,0.0121,0.1003,0.5348,,,,,,,,,
SERIAL,17.727183,0.008,1.782,7.426,-3.38,5.48,3.7,14.71,-22.16,-23.0,10.37,4.7,59.07,0.839,0.012,0.1005,0.5346,,,,,,,,,
SERIAL,17.750719,0.109,1.798,7.315,-3.8,5.76,3.56,14.02,-21.4,-22.51,10.36,4.71,59.05,0.8392,0.0118,0.1006,0.5343,,,,,,,,,
SERIAL,17.771848,0.111,1.794,7.345,-2.61,5.9,3.84,14.16,-22.93,-22.35,10.37,4.73,59.07,0.8393,0.0118,0.1008,0.5341,,,,,,,,,
SERIAL,17.793113,-0.0,1.805,7.373,-2.89,5.69,3.63,15.12,-22.01,-23.0,10.38,4.75,59.03,0.8395,0.0118,0.101,0.5338,,,,,,,,,
SERIAL,17.813990,-0.008,1.8,7.347,-3.66,6.11,3.63,14.71,-22.16,-23.0,10.37,4.79,59.0,0.8396,0.0116,0.1012,0.5335,,,,,,,,,
SERIAL,17.834927,-0.017,1.791,7.28,-2.26,5.62,3.49,14.84,-22.32,-22.02,10.39,4.82,58.97,0.8398,0.0117,0.1015,0.5332,,,,,,,,,
SERIAL,17.858623,-0.006,1.819,7.368,-2.26,5.41,3.28,14.57,-22.16,-21.86,10.41,4.84,58.95,0.84,0.0118,0.1017,0.5329,,,,,,,,,
SERIAL,17.878996,0.054,1.803,7.343,-2.68,5.55,3.35,14.16,-21.7,-22.83,10.42,4.86,58.93,0.8401,0.0118,0.1019,0.5326,,,,,,,,,
SERIAL,17.900476,0.035,1.787,7.27,-1.63,5.27,3.77,14.71,-22.32,-22.18,10.45,4.87,58.92,0.8403,0.012,0.1022,0.5323,,,,,,,,,
SERIAL,17.921986,-0.002,1.803,7.31,-0.93,4.29,3.63,14.43,-21.55,-22.18,10.5,4.86,58.89,0.8404,0.0124,0.1023,0.532,,,,,,,,,
SERIAL,17.943294,-0.029,1.8,7.304,-0.93,4.64,3.7,13.61,-21.7,-22.67,10.54,4.87,58.91,0.8406,0.0128,0.1026,0.5317,,,,,,,,,
SERIAL,17.965070,0.01,1.807,7.317,-0.86,3.66,3.98,14.43,-22.32,-22.67,10.59,4.85,58.91,0.8407,0.0133,0.1026,0.5315,,,,,,,,,
SERIAL,17.987012,-0.023,1.825,7.381,-1.21,2.68,4.33,14.57,-22.32,-23.32,10.63,4.81,58.91,0.8408,0.0139,0.1025,0.5313,,,,,,,,,
SERIAL,18.008161,-0.0,1.843,7.396,-3.1,3.38,3.77,14.3,-22.77,-22.67,10.63,4.79,58.92,0.841,0.0141,0.1023,0.5311,,,,,,,,,
SERIAL,18.031822,0.021,1.853,7.424,-1.49,3.87,3.42,13.75,-22.01,-22.02,10.67,4.77,58.93,0.8412,0.0144,0.1024,0.5308,,,,,,,,,
SERIAL,18.055589,0.049,1.841,7.319,-3.52,4.99,3.56,13.75,-22.47,-22.67,10.66,4.78,58.95,0.8413,0.0144,0.1024,0.5306,,,,,,,,,
SERIAL,18.074091,0.023,1.81,7.225,-1.84,2.89,3.98,14.98,-22.16,-22.67,10.69,4.74,58.92,0.8414,0.0148,0.1023,0.5304,,,,,,,,,
SERIAL,18.095884,0.025,1.819,7.551,-1.98,3.59,3.49,14.43,-21.09,-22.67,10.7,4.72,58.87,0.8416,0.0151,0.1022,0.5301,,,,,,,,,
SERIAL,18.117152,0.082,1.814,7.345,-4.57,4.78,3.84,14.43,-22.01,-22.51,10.67,4.72,58.85,0.8417,0.0149,0.1021,0.53,,,,,,,,,
SERIAL,18.139060,0.064,1.825,7.257,-2.75,4.36,4.12,14.71,-22.01,-22.02,10.68,4.71,58.83,0.8418,0.015,0.1021,0.5298,,,,,,,,,
SERIAL,18.163360,0.047,1.841,7.321,-0.72,4.92,4.26,14.3,-22.62,-22.67,10.73,4.71,58.85,0.8419,0.0154,0.1024,0.5297,,,,,,,,,
SERIAL,18.183297,-0.033,1.862,7.461,-2.12,3.66,4.05,14.02,-22.47,-22.02,10.75,4.7,58.87,0.842,0.0157,0.1023,0.5295,,,,,,,,,
SERIAL,18.204191,-0.015,1.859,7.426,-4.43,4.29,3.56,13.89,-22.32,-21.7,10.72,4.7,58.89,0.8421,0.0156,0.1021,0.5293,,,,,,,,,
SERIAL,18.226107,0.062,1.859,7.319,-3.94,4.43,3.42,13.75,-22.16,-22.51,10.71,4.69,58.9,0.8423,0.0155,0.102,0.5291,,,,,,,,,
SERIAL,18.249605,0.076,1.853,7.319,-3.1,4.15,3.84,14.71,-22.77,-22.35,10.71,4.68,58.89,0.8424,0.0156,0.1019,0.5289,,,,,,,,,
SERIAL,18.269154,0.058,1.841,7.334,-2.47,4.22,4.05,14.02,-22.16,-23.48,10.73,4.67,58.9,0.8424,0.0158,0.102,0.5288,,,,,,,,,
SERIAL,18.291543,0.006,1.848,7.439,-2.47,5.48,3.77,14.3,-22.62,-22.18,10.74,4.69,58.91,0.8425,0.0158,0.1022,0.5286,,,,,,,,,
SERIAL,18.313028,-0.037,1.85,7.39,-3.52,5.97,3.0,13.75,-22.16,-22.51,10.73,4.73,58.91,0.8427,0.0156,0.1023,0.5284,,,,,,,,,
SERIAL,18.335215,0.082,1.785,7.199,-4.22,5.34,3.35,14.02,-22.16,-22.35,10.7,4.74,58.91,0.8428,0.0154,0.1023,0.5282,,,,,,,,,
SERIAL,18.356268,0.031,1.846,7.338,-2.54,3.66,3.84,14.71,-23.08,-22.67,10.71,4.72,58.91,0.8429,0.0156,0.1023,0.528,,,,,,,,,
SERIAL,18.378542,0.014,1.853,7.377,-2.75,4.64,3.63,14.71,-22.16,-22.67,10.72,4.72,58.88,0.843,0.0157,0.1023,0.5278,,,,,,,,,
SERIAL,18.399994,0.06,1.846,7.394,-3.03,4.92,3.7,13.89,-22.62,-22.18,10.72,4.73,58.91,0.8431,0.0157,0.1024,0.5277,,,,,,,,,
SERIAL,18.424723,0.002,1.85,7.353,-3.17,5.2,3.84,14.3,-22.47,-22.02,10.72,4.74,58.91,0.8432,0.0157,0.1025,0.5276,,,,,,,,,
SERIAL,18.443769,0.004,1.825,7.341,-2.75,5.41,3.42,14.3,-22.32,-22.35,10.73,4.76,58.9,0.8433,0.0157,0.1026,0.5274,,,,,,,,,
SERIAL,18.465039,0.049,1.823,7.223,-2.96,4.5,3.77,13.75,-21.86,-22.18,10.73,4.76,58.91,0.8434,0.0157,0.1026,0.5272,,,,,,,,,
SERIAL,18.487118,0.045,1.864,7.413,-0.72,3.66,4.19,13.89,-20.94,-22.02,10.79,4.73,58.9,0.8434,0.0163,0.1027,0.5271,,,,,,,,,
SERIAL,18.508127,0.002,1.871,7.504,-2.19,5.27,3.91,14.16,-22.47,-22.67,10.8,4.75,58.91,0.8435,0.0164,0.1029,0.527,,,,,,,,,
SERIAL,18.530182,-0.031,1.846,7.354,-4.92,5.06,3.56,14.98,-21.7,-22.51,10.76,4.77,58.85,0.8436,0.0161,0.1028,0.5268,,,,,,,,,
SERIAL,18.552585,-0.002,1.832,7.248,-3.17,6.04,3.0,14.3,-21.7,-22.67,10.76,4.81,58.82,0.8437,0.0159,0.103,0.5266,,,,,,,,,
SERIAL,18.575381,0.082,1.825,7.268,-2.19,4.36,3.35,14.43,-22.47,-23.0,10.78,4.79,58.81,0.8438,0.0161,0.1031,0.5264,,,,,,,,,
SERIAL,18.595659,0.06,1.812,7.205,-2.4,2.54,4.4,14.43,-22.01,-22.67,10.8,4.74,58.8,0.8439,0.0165,0.1028,0.5263,,,,,,,,,
SERIAL,18.617142,-0.046,1.855,7.491,-0.79,3.17,3.77,14.57,-22.16,-22.67,10.84,4.72,58.78,0.844,0.017,0.1028,0.5261,,,,,,,,,
SERIAL,18.639222,0.052,1.848,7.407,-3.31,4.57,3.07,13.75,-22.47,-22.51,10.83,4.72,58.8,0.8441,0.017,0.1028,0.5259,,,,,,,,,
SERIAL,18.661007,0.056,1.862,7.268,-4.29,3.1,4.05,14.98,-22.32,-22.02,10.81,4.68,58.77,0.8442,0.017,0.1024,0.5258,,,,,,,,,
SERIAL,18.683775,-0.006,1.855,7.353,-1.21,4.5,3.49,14.02,-22.32,-22.67,10.85,4.69,58.78,0.8443,0.0173,0.1026,0.5256,,,,,,,,,
SERIAL,18.705203,0.126,1.83,7.233,-2.19,3.1,4.05,15.12,-22.32,-22.35,10.87,4.64,58.74,0.8444,0.0177,0.1025,0.5255,,,,,,,,,
SERIAL,18.726466,0.004,1.905,7.463,-2.33,2.26,4.54,14.3,-21.7,-23.32,10.89,4.6,58.74,0.8444,0.0181,0.1022,0.5255,,,,,,,,,
SERIAL,18.751895,0.047,1.875,7.403,-2.33,5.48,3.7,14.02,-21.55,-22.35,10.91,4.62,58.72,0.8445,0.0181,0.1024,0.5254,,,,,,,,,
SERIAL,18.769946,0.097,1.855,7.317,-3.1,4.22,4.19,14.84,-21.86,-21.53,10.91,4.6,58.69,0.8445,0.0182,0.1023,0.5253,,,,,,,,,
SERIAL,18.791053,0.031,1.843,7.283,-2.96,4.36,4.26,14.43,-21.55,-21.53,10.91,4.6,58.67,0.8446,0.0183,0.1023,0.5253,,,,,,,,,
SERIAL,18.812975,0.004,1.868,7.257,-1.14,4.5,4.12,14.71,-22.47,-21.7,10.95,4.6,58.67,0.8446,0.0187,0.1025,0.5251,,,,,,,,,
SERIAL,18.835798,0.035,1.891,7.439,-0.23,3.87,3.98,14.84,-21.55,-22.18,11.02,4.59,58.62,0.8447,0.0192,0.1026,0.525,,,,,,,,,
SERIAL,18.859262,0.027,1.905,7.544,-3.03,4.36,3.7,14.43,-22.77,-22.02,11.01,4.59,58.62,0.8448,0.0193,0.1026,0.5248,,,,,,,,,
SERIAL,18.881150,0.049,1.873,7.39,-4.85,5.97,3.84,14.57,-22.77,-22.18,10.97,4.62,58.63,0.8448,0.0189,0.1026,0.5248,,,,,,,,,
SERIAL,18.900210,0.066,1.839,7.132,-4.22,5.55,3.7,14.02,-22.47,-21.37,10.95,4.63,58.64,0.8449,0.0186,0.1027,0.5247,,,,,,,,,
SERIAL,18.921990,0.021,1.857,7.3,-1.14,4.08,3.84,15.25,-22.62,-22.02,10.99,4.62,58.61,0.845,0.019,0.1028,0.5245,,,,,,,,,
SERIAL,18.944152,0.014,1.905,7.544,-2.26,5.2,3.28,14.57,-22.47,-22.02,11.01,4.64,58.59,0.8451,0.0191,0.103,0.5243,,,,,,,,,
SERIAL,18.965075,0.07,1.902,7.347,-4.92,5.83,3.49,14.43,-21.55,-21.7,10.97,4.66,58.56,0.8452,0.0187,0.103,0.5242,,,,,,,,,
SERIAL,18.989359,0.041,1.884,7.257,-3.73,5.76,3.56,15.25,-22.32,-22.67,10.96,4.69,58.51,0.8452,0.0185,0.1031,0.524,,,,,,,,,
SERIAL,19.008528,0.037,1.855,7.248,-2.47,5.2,3.56,14.57,-22.01,-22.02,10.98,4.7,58.49,0.8453,0.0186,0.1033,0.5238,,,,,,,,,
SERIAL,19.030129,0.008,1.877,7.368,-1.84,4.85,3.77,14.43,-22.93,-22.67,11.01,4.71,58.51,0.8454,0.0188,0.1034,0.5237,,,,,,,,,
SERIAL,19.052047,0.033,1.703,7.064,-3.87,8.07,3.98,14.3,-22.32,-23.0,10.97,4.79,58.51,0.8454,0.0183,0.1039,0.5236,,,,,,,,,
SERIAL,19.078556,0.066,1.871,7.362,-0.3,2.82,4.05,14.16,-22.32,-21.86,11.03,4.74,58.53,0.8454,0.019,0.1039,0.5235,,,,,,,,,
SERIAL,19.095247,-0.056,1.866,7.538,-3.59,3.66,3.98,14.02,-21.86,-23.0,11.01,4.73,58.53,0.8455,0.019,0.1037,0.5234,,,,,,,,,
SERIAL,19.117627,0.027,1.857,7.246,-2.54,4.78,3.14,14.71,-22.77,-21.86,11.02,4.74,58.52,0.8456,0.0191,0.1038,0.5232,,,,,,,,,
SERIAL,19.139416,0.062,1.882,7.276,-2.47,3.31,3.84,14.16,-22.32,-22.67,11.04,4.7,58.52,0.8457,0.0194,0.1036,0.5231,,,,,,,,,
SERIAL,19.161719,-0.025,1.907,7.428,-1.0,2.89,3.77,14.16,-22.77,-22.18,11.09,4.68,58.54,0.8458,0.0199,0.1036,0.5229,,,,,,,,,
SERIAL,19.182269,0.085,1.916,7.414,-2.89,4.78,3.42,14.98,-22.32,-22.18,11.09,4.67,58.51,0.8459,0.0199,0.1036,0.5228,,,,,,,,,
SERIAL,19.204397,0.109,1.877,7.296,-3.03,4.57,3.91,15.12,-22.16,-22.83,11.09,4.66,58.47,0.846,0.02,0.1036,0.5227,,,,,,,,,
SERIAL,19.226139,0.058,1.871,7.182,-3.38,2.26,4.75,15.25,-22.01,-22.02,11.09,4.61,58.44,0.846,0.0202,0.1032,0.5227,,,,,,,,,
SERIAL,19.249850,-0.046,1.936,7.45,-0.23,3.24,3.98,15.12,-22.32,-22.02,11.16,4.59,58.41,0.8461,0.0208,0.1033,0.5226,,,,,,,,,
SERIAL,19.272637,0.054,1.927,7.491,-3.24,4.64,3.28,15.12,-22.32,-22.67,11.15,4.59,58.36,0.8462,0.0208,0.1033,0.5224,,,,,,,,,
SERIAL,19.292342,0.041,1.923,7.237,-5.06,3.31,3.7,14.3,-22.93,-22.18,11.12,4.57,58.38,0.8463,0.0206,0.1028,0.5223,,,,,,,,,
SERIAL,19.314883,0.101,1.911,7.334,-1.84,3.45,3.77,14.3,-22.47,-22.51,11.15,4.53,58.38,0.8464,0.021,0.1028,0.5222,,,,,,,,,
SERIAL,19.335442,0.095,1.898,7.414,-2.75,5.2,3.91,14.71,-22.16,-22.02,11.15,4.54,58.36,0.8464,0.021,0.1029,0.5221,,,,,,,,,
SERIAL,19.356738,0.031,1.868,7.233,-2.96,4.64,4.05,15.39,-22.93,-22.67,11.15,4.55,58.34,0.8465,0.021,0.1029,0.522,,,,,,,,,
SERIAL,19.380238,-0.006,1.9,7.311,-1.14,4.43,3.42,15.12,-22.62,-22.35,11.2,4.55,58.31,0.8466,0.0214,0.1031,0.5218,,,,,,,,,
SERIAL,19.400051,0.045,1.95,7.48,-0.93,4.78,3.21,14.98,-23.08,-22.67,11.25,4.56,58.29,0.8467,0.0217,0.1033,0.5215,,,,,,,,,
SERIAL,19.422333,0.054,1.95,7.443,-4.43,5.55,3.35,14.02,-22.47,-23.16,11.22,4.58,58.3,0.8468,0.0214,0.1034,0.5214,,,,,,,,,
SERIAL,19.444369,0.093,1.92,7.296,-4.43,5.62,3.56,13.89,-22.32,-21.7,11.19,4.59,58.31,0.8468,0.0211,0.1034,0.5213,,,,,,,,,
SERIAL,19.465707,0.058,1.927,7.255,-3.52,5.06,3.98,14.98,-22.93,-22.35,11.19,4.6,58.31,0.8469,0.021,0.1034,0.5212,,,,,,,,,
SERIAL,19.487320,0.025,1.891,7.283,-2.75,4.92,3.7,14.84,-23.23,-22.67,11.2,4.61,58.31,0.8469,0.0211,0.1035,0.5211,,,,,,,,,
SERIAL,19.511287,0.052,1.866,7.347,-2.12,5.06,3.49,14.71,-22.62,-21.7,11.22,4.62,58.3,0.847,0.0212,0.1037,0.521,,,,,,,,,
SERIAL,19.530558,0.062,1.882,7.313,-2.75,4.08,3.7,14.71,-21.86,-22.35,11.22,4.61,58.27,0.8471,0.0213,0.1036,0.5208,,,,,,,,,
SERIAL,19.552085,0.014,1.927,7.304,-2.75,3.94,3.98,15.66,-22.32,-21.21,11.23,4.6,58.22,0.8471,0.0215,0.1035,0.5208,,,,,,,,,
SERIAL,19.574635,0.072,1.968,7.506,-2.12,4.85,3.35,14.43,-22.93,-22.02,11.26,4.6,58.22,0.8472,0.0216,0.1037,0.5206,,,,,,,,,
SERIAL,19.597303,0.068,1.932,7.384,-4.85,6.25,3.77,14.98,-22.77,-22.83,11.22,4.63,58.21,0.8473,0.0212,0.1038,0.5205,,,,,,,,,
SERIAL,19.617162,0.066,1.862,7.171,-4.92,4.99,4.05,13.61,-22.01,-22.18,11.18,4.64,58.24,0.8473,0.0209,0.1036,0.5205,,,,,,,,,
SERIAL,19.639208,0.014,1.866,7.304,-1.63,4.5,4.05,13.89,-22.32,-22.51,11.21,4.64,58.27,0.8473,0.0212,0.1038,0.5204,,,,,,,,,
SERIAL,19.662494,-0.019,1.882,7.334,-1.98,5.13,3.98,14.16,-22.01,-22.18,11.23,4.66,58.27,0.8473,0.0213,0.104,0.5203,,,,,,,,,
SERIAL,19.683292,-0.015,1.941,7.407,-2.61,4.71,3.63,14.3,-22.16,-21.86,11.24,4.67,58.27,0.8474,0.0214,0.104,0.5202,,,,,,,,,
SERIAL,19.705171,0.082,1.934,7.349,-3.52,5.62,3.42,14.98,-22.77,-22.51,11.24,4.69,58.25,0.8475,0.0212,0.1042,0.5201,,,,,,,,,
SERIAL,19.726743,0.072,1.929,7.323,-1.56,4.78,3.63,14.98,-21.86,-22.51,11.27,4.68,58.2,0.8475,0.0215,0.1043,0.5199,,,,,,,,,
SERIAL,19.748001,0.018,1.909,7.353,-3.87,5.97,3.98,14.71,-22.62,-22.51,11.25,4.72,58.2,0.8476,0.0212,0.1045,0.5199,,,,,,,,,
SERIAL,19.770962,-0.013,1.855,7.248,-3.59,5.83,3.84,14.43,-23.39,-22.83,11.24,4.75,58.24,0.8476,0.0211,0.1046,0.5198,,,,,,,,,
SERIAL,19.791117,-0.068,1.907,7.218,-1.0,4.08,3.42,14.02,-22.47,-21.86,11.29,4.75,58.25,0.8477,0.0215,0.1048,0.5196,,,,,,,,,
SERIAL,19.813171,0.054,1.92,7.538,-1.77,3.73,3.63,14.3,-22.47,-22.51,11.31,4.73,58.25,0.8477,0.0218,0.1048,0.5195,,,,,,,,,
SERIAL,19.835031,0.016,1.932,7.023,-8.07,5.76,4.12,14.3,-22.01,-22.35,11.22,4.76,58.26,0.8477,0.0209,0.1045,0.5196,,,,,,,,,
SERIAL,19.857810,0.082,1.972,7.607,7.26,2.4,3.35,15.25,-22.16,-22.67,11.44,4.7,58.2,0.8478,0.0228,0.1051,0.5192,,,,,,,,,
SERIAL,19.879636,0.035,1.9,7.523,-6.18,5.83,4.33,14.43,-22.93,-22.35,11.36,4.73,58.23,0.8478,0.0222,0.105,0.5193,,,,,,,,,
SERIAL,19.900979,-0.037,1.839,6.774,-7.93,6.95,4.19,14.71,-22.62,-22.67,11.27,4.79,58.23,0.8478,0.0212,0.1049,0.5194,,,,,,,,,
SERIAL,19.922238,-0.07,1.88,6.888,3.97,3.45,3.56,14.43,-23.69,-21.7,11.43,4.78,58.27,0.8479,0.0225,0.1054,0.5191,,,,,,,,,
SERIAL,19.943475,0.027,1.957,8.047,7.75,0.58,3.49,14.02,-22.77,-22.67,11.65,4.69,58.28,0.848,0.0247,0.1059,0.5188,,,,,,,,,
SERIAL,19.965168,0.085,2.027,7.804,-7.37,5.41,3.42,14.57,-23.08,-23.16,11.54,4.7,58.28,0.848,0.0239,0.1056,0.5188,,,,,,,,,
